seo,1,서은광,901122-1,용인,blank.png,seo@test.com,010-1234-5678,2020-04-29
leemin,12,이민혁,901129-1,서울,blank.png,leemin@test.com,010-1478-5236,2020-05-01
leechang,123,이창섭,910226-1,수원,blank.png,leechang@test.net,011-5887-1235,2020-05-04
lim,134,임현식,920307-1,서울,blank.png,lim@test.net,011-9997-7115,2020-05-04
peniel,1234,프니엘,930310-1,시카고,blank.png,peniel@test.net,010-5127-9430,2020-05-04
ilhoon,1234,정일훈,941004-1,서울,blank.png,ilhoon@test.net,010-5127-9430,2020-05-04
yook,1234,육성재,950502-1,용인,blank.png,yook@test.net,010-5127-9430,2020-05-04
mano,1,마노,970101-2,서울,blank.png,mano@test.com,010-7234-1445,2019-01-02
rose,1,로제,970101-2,파리,blank.png,rose@test.com,010-1834-4245,2019-01-02
jeni,1,제니,01101-4,LA,blank.png,jeni@test.com,010-1284-1245,2019-01-02
jisu,1,지수,990101-2,서울,blank.png,jisu@test.com,010-1299-4675,2019-01-02
mary,1,메리,020101-6,런던,blank.png,mary@test.com,010-4399-4675,2019-07-02